Model,Accuracy,Precision,Recall,F1 Score
Decision Tree,0.99775,0.9977223802186612,0.99775,0.9977346043439007
Random Forest,0.99765,0.9974732902838268,0.99765,0.9975124162897844
KNN,0.984675,0.9844143189863366,0.984675,0.984433830909124
Logistic Regression,0.9173,0.8864185203790781,0.9173,0.9008079727385458
Naive Bayes,0.178675,0.901816526556169,0.178675,0.20539416072387376
