Model,Accuracy,Precision,Recall,F1 Score
Decision Tree,0.9977,0.9977217361287795,0.9977,0.9977054861334467
Random Forest,0.995025,0.9967899072051336,0.995025,0.995747530928499
KNN,0.98955,0.9893214709106715,0.98955,0.9893900900001076
Logistic Regression,0.9762,0.9783641340516418,0.9762,0.9764221005224392
Naive Bayes,0.73375,0.9771457932891664,0.73375,0.829248458530483
